date,ID,Item Id,Item Name,ad_spend,units,unit_price,units_return,unit_price_return
2022-05-27,2022-05-27_B09X1GMWY6,B09X1GMWY6,"NapQueen Elizabeth 14"" Gel Memory Foam Mattress, Twin XL",4.23,0,0.0,0,0
2022-05-28,2022-05-28_B09X1GMWY6,B09X1GMWY6,"NapQueen Elizabeth 14"" Gel Memory Foam Mattress, Twin XL",4.23,0,0.0,0,0
2022-05-29,2022-05-29_B09X1GMWY6,B09X1GMWY6,"NapQueen Elizabeth 14"" Gel Memory Foam Mattress, Twin XL",4.23,0,0.0,0,0
2022-05-30,2022-05-30_B09X1GMWY6,B09X1GMWY6,"NapQueen Elizabeth 14"" Gel Memory Foam Mattress, Twin XL",4.23,0,0.0,0,0
2022-05-31,2022-05-31_B09X1GMWY6,B09X1GMWY6,"NapQueen Elizabeth 14"" Gel Memory Foam Mattress, Twin XL",4.23,0,0.0,0,0
2022-06-01,2022-06-01_B09X1GMWY6,B09X1GMWY6,"NapQueen Elizabeth 14"" Gel Memory Foam Mattress, Twin XL",4.23,0,0.0,0,0
2022-06-02,2022-06-02_B09X1GMWY6,B09X1GMWY6,"NapQueen Elizabeth 14"" Gel Memory Foam Mattress, Twin XL",4.23,0,0.0,0,0
2022-06-03,2022-06-03_B09X1GMWY6,B09X1GMWY6,"NapQueen Elizabeth 14"" Gel Memory Foam Mattress, Twin XL",4.23,1,268.585,0,0
2022-06-04,2022-06-04_B09X1GMWY6,B09X1GMWY6,"NapQueen Elizabeth 14"" Gel Memory Foam Mattress, Twin XL",4.23,0,0.0,0,0
2022-06-05,2022-06-05_B09X1GMWY6,B09X1GMWY6,"NapQueen Elizabeth 14"" Gel Memory Foam Mattress, Twin XL",4.23,0,0.0,0,0
2022-06-06,2022-06-06_B09X1GMWY6,B09X1GMWY6,"NapQueen Elizabeth 14"" Gel Memory Foam Mattress, Twin XL",4.23,0,0.0,0,0
2022-06-07,2022-06-07_B09X1GMWY6,B09X1GMWY6,"NapQueen Elizabeth 14"" Gel Memory Foam Mattress, Twin XL",4.23,0,0.0,0,0
2022-06-08,2022-06-08_B09X1GMWY6,B09X1GMWY6,"NapQueen Elizabeth 14"" Gel Memory Foam Mattress, Twin XL",4.23,0,0.0,0,0
2022-06-09,2022-06-09_B09X1GMWY6,B09X1GMWY6,"NapQueen Elizabeth 14"" Gel Memory Foam Mattress, Twin XL",4.23,0,0.0,0,0
2022-06-10,2022-06-10_B09X1GMWY6,B09X1GMWY6,"NapQueen Elizabeth 14"" Gel Memory Foam Mattress, Twin XL",4.23,0,0.0,0,0
2022-06-11,2022-06-11_B09X1GMWY6,B09X1GMWY6,"NapQueen Elizabeth 14"" Gel Memory Foam Mattress, Twin XL",4.23,0,0.0,0,0
2022-06-12,2022-06-12_B09X1GMWY6,B09X1GMWY6,"NapQueen Elizabeth 14"" Gel Memory Foam Mattress, Twin XL",4.23,0,0.0,0,0
2022-06-13,2022-06-13_B09X1GMWY6,B09X1GMWY6,"NapQueen Elizabeth 14"" Gel Memory Foam Mattress, Twin XL",4.23,0,0.0,0,0
2022-06-14,2022-06-14_B09X1GMWY6,B09X1GMWY6,"NapQueen Elizabeth 14"" Gel Memory Foam Mattress, Twin XL",4.23,0,0.0,0,0
2022-06-15,2022-06-15_B09X1GMWY6,B09X1GMWY6,"NapQueen Elizabeth 14"" Gel Memory Foam Mattress, Twin XL",4.23,0,0.0,0,0
2022-06-16,2022-06-16_B09X1GMWY6,B09X1GMWY6,"NapQueen Elizabeth 14"" Gel Memory Foam Mattress, Twin XL",4.23,0,0.0,0,0
2022-06-17,2022-06-17_B09X1GMWY6,B09X1GMWY6,"NapQueen Elizabeth 14"" Gel Memory Foam Mattress, Twin XL",4.23,0,0.0,0,0
2022-06-18,2022-06-18_B09X1GMWY6,B09X1GMWY6,"NapQueen Elizabeth 14"" Gel Memory Foam Mattress, Twin XL",4.23,0,0.0,0,0
2022-06-19,2022-06-19_B09X1GMWY6,B09X1GMWY6,"NapQueen Elizabeth 14"" Gel Memory Foam Mattress, Twin XL",4.23,0,0.0,0,0
2022-06-20,2022-06-20_B09X1GMWY6,B09X1GMWY6,"NapQueen Elizabeth 14"" Gel Memory Foam Mattress, Twin XL",4.23,0,0.0,0,0
2022-06-21,2022-06-21_B09X1GMWY6,B09X1GMWY6,"NapQueen Elizabeth 14"" Gel Memory Foam Mattress, Twin XL",4.23,0,0.0,0,0
2022-06-22,2022-06-22_B09X1GMWY6,B09X1GMWY6,"NapQueen Elizabeth 14"" Gel Memory Foam Mattress, Twin XL",4.23,1,268.585,0,0
2022-06-23,2022-06-23_B09X1GMWY6,B09X1GMWY6,"NapQueen Elizabeth 14"" Gel Memory Foam Mattress, Twin XL",4.23,0,0.0,0,0
2022-06-24,2022-06-24_B09X1GMWY6,B09X1GMWY6,"NapQueen Elizabeth 14"" Gel Memory Foam Mattress, Twin XL",4.23,0,0.0,0,0
2022-06-25,2022-06-25_B09X1GMWY6,B09X1GMWY6,"NapQueen Elizabeth 14"" Gel Memory Foam Mattress, Twin XL",4.23,0,0.0,0,0
2022-06-26,2022-06-26_B09X1GMWY6,B09X1GMWY6,"NapQueen Elizabeth 14"" Gel Memory Foam Mattress, Twin XL",4.23,0,0.0,0,0
2022-06-27,2022-06-27_B09X1GMWY6,B09X1GMWY6,"NapQueen Elizabeth 14"" Gel Memory Foam Mattress, Twin XL",4.23,0,0.0,0,0
2022-06-28,2022-06-28_B09X1GMWY6,B09X1GMWY6,"NapQueen Elizabeth 14"" Gel Memory Foam Mattress, Twin XL",4.23,0,0.0,0,0
2022-06-29,2022-06-29_B09X1GMWY6,B09X1GMWY6,"NapQueen Elizabeth 14"" Gel Memory Foam Mattress, Twin XL",4.23,0,0.0,0,0
2022-06-30,2022-06-30_B09X1GMWY6,B09X1GMWY6,"NapQueen Elizabeth 14"" Gel Memory Foam Mattress, Twin XL",4.23,0,0.0,0,0
2022-07-01,2022-07-01_B09X1GMWY6,B09X1GMWY6,"NapQueen Elizabeth 14"" Gel Memory Foam Mattress, Twin XL",4.23,0,0.0,0,0
2022-07-02,2022-07-02_B09X1GMWY6,B09X1GMWY6,"NapQueen Elizabeth 14"" Gel Memory Foam Mattress, Twin XL",4.23,0,0.0,0,0
2022-07-03,2022-07-03_B09X1GMWY6,B09X1GMWY6,"NapQueen Elizabeth 14"" Gel Memory Foam Mattress, Twin XL",4.23,0,0.0,0,0
2022-07-04,2022-07-04_B09X1GMWY6,B09X1GMWY6,"NapQueen Elizabeth 14"" Gel Memory Foam Mattress, Twin XL",4.23,0,0.0,0,0
2022-07-05,2022-07-05_B09X1GMWY6,B09X1GMWY6,"NapQueen Elizabeth 14"" Gel Memory Foam Mattress, Twin XL",4.23,0,0.0,0,0
2022-07-06,2022-07-06_B09X1GMWY6,B09X1GMWY6,"NapQueen Elizabeth 14"" Gel Memory Foam Mattress, Twin XL",4.23,1,268.585,0,0
2022-07-07,2022-07-07_B09X1GMWY6,B09X1GMWY6,"NapQueen Elizabeth 14"" Gel Memory Foam Mattress, Twin XL",4.23,0,0.0,1,0
2022-07-08,2022-07-08_B09X1GMWY6,B09X1GMWY6,"NapQueen Elizabeth 14"" Gel Memory Foam Mattress, Twin XL",4.23,0,0.0,0,0
2022-07-09,2022-07-09_B09X1GMWY6,B09X1GMWY6,"NapQueen Elizabeth 14"" Gel Memory Foam Mattress, Twin XL",4.23,0,0.0,0,0
2022-07-10,2022-07-10_B09X1GMWY6,B09X1GMWY6,"NapQueen Elizabeth 14"" Gel Memory Foam Mattress, Twin XL",4.23,0,0.0,0,0
2022-07-26,2022-07-26_B09X1GMWY6,B09X1GMWY6,"NapQueen Elizabeth 14"" Gel Memory Foam Mattress, Twin XL",4.23,0,0.0,0,0
2022-07-27,2022-07-27_B09X1GMWY6,B09X1GMWY6,"NapQueen Elizabeth 14"" Gel Memory Foam Mattress, Twin XL",4.23,3,268.585,0,0
2022-07-28,2022-07-28_B09X1GMWY6,B09X1GMWY6,"NapQueen Elizabeth 14"" Gel Memory Foam Mattress, Twin XL",4.23,0,0.0,0,0
2022-07-29,2022-07-29_B09X1GMWY6,B09X1GMWY6,"NapQueen Elizabeth 14"" Gel Memory Foam Mattress, Twin XL",4.23,0,0.0,0,0
2022-07-30,2022-07-30_B09X1GMWY6,B09X1GMWY6,"NapQueen Elizabeth 14"" Gel Memory Foam Mattress, Twin XL",4.23,0,0.0,0,0
2022-07-31,2022-07-31_B09X1GMWY6,B09X1GMWY6,"NapQueen Elizabeth 14"" Gel Memory Foam Mattress, Twin XL",4.23,0,0.0,0,0
2022-08-01,2022-08-01_B09X1GMWY6,B09X1GMWY6,"NapQueen Elizabeth 14"" Gel Memory Foam Mattress, Twin XL",4.23,0,0.0,0,0
2022-08-02,2022-08-02_B09X1GMWY6,B09X1GMWY6,"NapQueen Elizabeth 14"" Gel Memory Foam Mattress, Twin XL",4.23,0,0.0,0,0
2022-08-03,2022-08-03_B09X1GMWY6,B09X1GMWY6,"NapQueen Elizabeth 14"" Gel Memory Foam Mattress, Twin XL",4.23,0,0.0,0,0
2022-08-04,2022-08-04_B09X1GMWY6,B09X1GMWY6,"NapQueen Elizabeth 14"" Gel Memory Foam Mattress, Twin XL",4.23,0,0.0,0,0
2022-08-05,2022-08-05_B09X1GMWY6,B09X1GMWY6,"NapQueen Elizabeth 14"" Gel Memory Foam Mattress, Twin XL",4.23,2,268.585,0,0
2022-08-06,2022-08-06_B09X1GMWY6,B09X1GMWY6,"NapQueen Elizabeth 14"" Gel Memory Foam Mattress, Twin XL",6.38,0,0.0,0,0
2022-08-07,2022-08-07_B09X1GMWY6,B09X1GMWY6,"NapQueen Elizabeth 14"" Gel Memory Foam Mattress, Twin XL",0.0,0,0.0,0,0
2022-08-08,2022-08-08_B09X1GMWY6,B09X1GMWY6,"NapQueen Elizabeth 14"" Gel Memory Foam Mattress, Twin XL",4.23,0,0.0,0,0
2022-08-09,2022-08-09_B09X1GMWY6,B09X1GMWY6,"NapQueen Elizabeth 14"" Gel Memory Foam Mattress, Twin XL",4.23,0,0.0,0,0
2022-08-11,2022-08-11_B09X1GMWY6,B09X1GMWY6,"NapQueen Elizabeth 14"" Gel Memory Foam Mattress, Twin XL",0.0,0,0.0,0,0
2022-08-27,2022-08-27_B09X1GMWY6,B09X1GMWY6,"NapQueen Elizabeth 14"" Gel Memory Foam Mattress, Twin XL",0.0,2,268.585,0,0
2022-08-28,2022-08-28_B09X1GMWY6,B09X1GMWY6,"NapQueen Elizabeth 14"" Gel Memory Foam Mattress, Twin XL",0.0,6,268.585,0,0
2022-08-29,2022-08-29_B09X1GMWY6,B09X1GMWY6,"NapQueen Elizabeth 14"" Gel Memory Foam Mattress, Twin XL",1.96,3,268.585,0,0
2022-08-30,2022-08-30_B09X1GMWY6,B09X1GMWY6,"NapQueen Elizabeth 14"" Gel Memory Foam Mattress, Twin XL",0.73,8,268.585,0,0
2022-08-31,2022-08-31_B09X1GMWY6,B09X1GMWY6,"NapQueen Elizabeth 14"" Gel Memory Foam Mattress, Twin XL",0.0,6,268.585,0,0
2022-09-01,2022-09-01_B09X1GMWY6,B09X1GMWY6,"NapQueen Elizabeth 14"" Gel Memory Foam Mattress, Twin XL",1.13,3,268.585,0,0
2022-09-02,2022-09-02_B09X1GMWY6,B09X1GMWY6,"NapQueen Elizabeth 14"" Gel Memory Foam Mattress, Twin XL",0.0,5,268.585,0,0
2022-09-03,2022-09-03_B09X1GMWY6,B09X1GMWY6,"NapQueen Elizabeth 14"" Gel Memory Foam Mattress, Twin XL",1.53,4,268.585,0,0
2022-09-04,2022-09-04_B09X1GMWY6,B09X1GMWY6,"NapQueen Elizabeth 14"" Gel Memory Foam Mattress, Twin XL",2.06,4,268.585,0,0
2022-09-05,2022-09-05_B09X1GMWY6,B09X1GMWY6,"NapQueen Elizabeth 14"" Gel Memory Foam Mattress, Twin XL",4.15,3,268.585,0,0
2022-09-06,2022-09-06_B09X1GMWY6,B09X1GMWY6,"NapQueen Elizabeth 14"" Gel Memory Foam Mattress, Twin XL",0.0,6,268.585,0,0
2022-09-07,2022-09-07_B09X1GMWY6,B09X1GMWY6,"NapQueen Elizabeth 14"" Gel Memory Foam Mattress, Twin XL",2.11,6,268.585,0,0
2022-09-08,2022-09-08_B09X1GMWY6,B09X1GMWY6,"NapQueen Elizabeth 14"" Gel Memory Foam Mattress, Twin XL",2.4,2,268.585,0,0
2022-09-09,2022-09-09_B09X1GMWY6,B09X1GMWY6,"NapQueen Elizabeth 14"" Gel Memory Foam Mattress, Twin XL",3.97,0,0.0,0,0
2022-09-10,2022-09-10_B09X1GMWY6,B09X1GMWY6,"NapQueen Elizabeth 14"" Gel Memory Foam Mattress, Twin XL",4.18,0,0.0,0,0
2022-09-11,2022-09-11_B09X1GMWY6,B09X1GMWY6,"NapQueen Elizabeth 14"" Gel Memory Foam Mattress, Twin XL",2.68,0,0.0,0,0
2022-09-12,2022-09-12_B09X1GMWY6,B09X1GMWY6,"NapQueen Elizabeth 14"" Gel Memory Foam Mattress, Twin XL",4.23,0,0.0,0,0
2022-09-13,2022-09-13_B09X1GMWY6,B09X1GMWY6,"NapQueen Elizabeth 14"" Gel Memory Foam Mattress, Twin XL",4.23,0,0.0,0,0
2022-09-14,2022-09-14_B09X1GMWY6,B09X1GMWY6,"NapQueen Elizabeth 14"" Gel Memory Foam Mattress, Twin XL",4.23,0,0.0,0,0
2022-09-15,2022-09-15_B09X1GMWY6,B09X1GMWY6,"NapQueen Elizabeth 14"" Gel Memory Foam Mattress, Twin XL",4.23,0,0.0,0,0
2022-09-16,2022-09-16_B09X1GMWY6,B09X1GMWY6,"NapQueen Elizabeth 14"" Gel Memory Foam Mattress, Twin XL",4.23,0,0.0,0,0
2022-09-17,2022-09-17_B09X1GMWY6,B09X1GMWY6,"NapQueen Elizabeth 14"" Gel Memory Foam Mattress, Twin XL",4.23,0,0.0,0,0
2022-09-18,2022-09-18_B09X1GMWY6,B09X1GMWY6,"NapQueen Elizabeth 14"" Gel Memory Foam Mattress, Twin XL",4.23,0,0.0,0,0
2022-09-19,2022-09-19_B09X1GMWY6,B09X1GMWY6,"NapQueen Elizabeth 14"" Gel Memory Foam Mattress, Twin XL",4.23,0,0.0,0,0
2022-09-20,2022-09-20_B09X1GMWY6,B09X1GMWY6,"NapQueen Elizabeth 14"" Gel Memory Foam Mattress, Twin XL",4.23,0,0.0,0,0
2022-09-21,2022-09-21_B09X1GMWY6,B09X1GMWY6,"NapQueen Elizabeth 14"" Gel Memory Foam Mattress, Twin XL",4.23,1,268.585,0,0
2022-09-22,2022-09-22_B09X1GMWY6,B09X1GMWY6,"NapQueen Elizabeth 14"" Gel Memory Foam Mattress, Twin XL",4.23,1,268.585,0,0
2022-09-23,2022-09-23_B09X1GMWY6,B09X1GMWY6,"NapQueen Elizabeth 14"" Gel Memory Foam Mattress, Twin XL",4.23,0,0.0,0,0
2022-09-24,2022-09-24_B09X1GMWY6,B09X1GMWY6,"NapQueen Elizabeth 14"" Gel Memory Foam Mattress, Twin XL",4.23,0,0.0,0,0
2022-09-25,2022-09-25_B09X1GMWY6,B09X1GMWY6,"NapQueen Elizabeth 14"" Gel Memory Foam Mattress, Twin XL",4.23,0,0.0,0,0
2022-09-26,2022-09-26_B09X1GMWY6,B09X1GMWY6,"NapQueen Elizabeth 14"" Gel Memory Foam Mattress, Twin XL",4.23,0,0.0,0,0
2022-09-27,2022-09-27_B09X1GMWY6,B09X1GMWY6,"NapQueen Elizabeth 14"" Gel Memory Foam Mattress, Twin XL",4.23,0,0.0,0,0
2022-09-28,2022-09-28_B09X1GMWY6,B09X1GMWY6,"NapQueen Elizabeth 14"" Gel Memory Foam Mattress, Twin XL",4.23,0,0.0,0,0
2022-09-29,2022-09-29_B09X1GMWY6,B09X1GMWY6,"NapQueen Elizabeth 14"" Gel Memory Foam Mattress, Twin XL",4.23,0,0.0,0,0
2022-09-30,2022-09-30_B09X1GMWY6,B09X1GMWY6,"NapQueen Elizabeth 14"" Gel Memory Foam Mattress, Twin XL",4.23,0,0.0,0,0
2022-10-01,2022-10-01_B09X1GMWY6,B09X1GMWY6,"NapQueen Elizabeth 14"" Gel Memory Foam Mattress, Twin XL",4.23,0,0.0,0,0
2022-10-02,2022-10-02_B09X1GMWY6,B09X1GMWY6,"NapQueen Elizabeth 14"" Gel Memory Foam Mattress, Twin XL",4.23,0,0.0,0,0
2022-10-03,2022-10-03_B09X1GMWY6,B09X1GMWY6,"NapQueen Elizabeth 14"" Gel Memory Foam Mattress, Twin XL",4.23,0,0.0,0,0
2022-10-04,2022-10-04_B09X1GMWY6,B09X1GMWY6,"NapQueen Elizabeth 14"" Gel Memory Foam Mattress, Twin XL",4.23,0,0.0,0,0
2022-10-05,2022-10-05_B09X1GMWY6,B09X1GMWY6,"NapQueen Elizabeth 14"" Gel Memory Foam Mattress, Twin XL",4.23,0,0.0,0,0
2022-10-06,2022-10-06_B09X1GMWY6,B09X1GMWY6,"NapQueen Elizabeth 14"" Gel Memory Foam Mattress, Twin XL",4.23,0,0.0,0,0
2022-10-07,2022-10-07_B09X1GMWY6,B09X1GMWY6,"NapQueen Elizabeth 14"" Gel Memory Foam Mattress, Twin XL",4.23,0,0.0,0,0
2022-10-08,2022-10-08_B09X1GMWY6,B09X1GMWY6,"NapQueen Elizabeth 14"" Gel Memory Foam Mattress, Twin XL",4.23,2,268.585,0,0
2022-10-09,2022-10-09_B09X1GMWY6,B09X1GMWY6,"NapQueen Elizabeth 14"" Gel Memory Foam Mattress, Twin XL",4.23,0,0.0,0,0
2022-10-10,2022-10-10_B09X1GMWY6,B09X1GMWY6,"NapQueen Elizabeth 14"" Gel Memory Foam Mattress, Twin XL",4.23,0,0.0,0,0
2022-10-11,2022-10-11_B09X1GMWY6,B09X1GMWY6,"NapQueen Elizabeth 14"" Gel Memory Foam Mattress, Twin XL",4.23,0,0.0,0,0
2022-10-12,2022-10-12_B09X1GMWY6,B09X1GMWY6,"NapQueen Elizabeth 14"" Gel Memory Foam Mattress, Twin XL",4.23,0,0.0,0,0
2022-10-13,2022-10-13_B09X1GMWY6,B09X1GMWY6,"NapQueen Elizabeth 14"" Gel Memory Foam Mattress, Twin XL",4.23,0,0.0,0,0
2022-10-14,2022-10-14_B09X1GMWY6,B09X1GMWY6,"NapQueen Elizabeth 14"" Gel Memory Foam Mattress, Twin XL",4.23,0,0.0,0,0
2022-10-15,2022-10-15_B09X1GMWY6,B09X1GMWY6,"NapQueen Elizabeth 14"" Gel Memory Foam Mattress, Twin XL",4.23,0,0.0,0,0
2022-10-16,2022-10-16_B09X1GMWY6,B09X1GMWY6,"NapQueen Elizabeth 14"" Gel Memory Foam Mattress, Twin XL",4.23,0,0.0,0,0
2022-10-17,2022-10-17_B09X1GMWY6,B09X1GMWY6,"NapQueen Elizabeth 14"" Gel Memory Foam Mattress, Twin XL",4.23,0,0.0,0,0
2022-10-18,2022-10-18_B09X1GMWY6,B09X1GMWY6,"NapQueen Elizabeth 14"" Gel Memory Foam Mattress, Twin XL",4.23,0,0.0,0,0
2022-10-19,2022-10-19_B09X1GMWY6,B09X1GMWY6,"NapQueen Elizabeth 14"" Gel Memory Foam Mattress, Twin XL",4.23,0,0.0,0,0
2022-10-20,2022-10-20_B09X1GMWY6,B09X1GMWY6,"NapQueen Elizabeth 14"" Gel Memory Foam Mattress, Twin XL",4.23,0,0.0,0,0
2022-10-21,2022-10-21_B09X1GMWY6,B09X1GMWY6,"NapQueen Elizabeth 14"" Gel Memory Foam Mattress, Twin XL",4.23,0,0.0,0,0
2022-10-22,2022-10-22_B09X1GMWY6,B09X1GMWY6,"NapQueen Elizabeth 14"" Gel Memory Foam Mattress, Twin XL",4.23,0,0.0,0,0
2022-10-23,2022-10-23_B09X1GMWY6,B09X1GMWY6,"NapQueen Elizabeth 14"" Gel Memory Foam Mattress, Twin XL",4.23,0,0.0,0,0
2022-10-24,2022-10-24_B09X1GMWY6,B09X1GMWY6,"NapQueen Elizabeth 14"" Gel Memory Foam Mattress, Twin XL",4.23,0,0.0,0,0
2022-10-25,2022-10-25_B09X1GMWY6,B09X1GMWY6,"NapQueen Elizabeth 14"" Gel Memory Foam Mattress, Twin XL",4.23,0,0.0,0,0
2022-10-26,2022-10-26_B09X1GMWY6,B09X1GMWY6,"NapQueen Elizabeth 14"" Gel Memory Foam Mattress, Twin XL",4.23,0,0.0,0,0
2022-10-27,2022-10-27_B09X1GMWY6,B09X1GMWY6,"NapQueen Elizabeth 14"" Gel Memory Foam Mattress, Twin XL",4.23,0,0.0,0,0
2022-10-28,2022-10-28_B09X1GMWY6,B09X1GMWY6,"NapQueen Elizabeth 14"" Gel Memory Foam Mattress, Twin XL",4.23,0,0.0,0,0
2022-10-29,2022-10-29_B09X1GMWY6,B09X1GMWY6,"NapQueen Elizabeth 14"" Gel Memory Foam Mattress, Twin XL",4.23,0,0.0,0,0
2022-10-30,2022-10-30_B09X1GMWY6,B09X1GMWY6,"NapQueen Elizabeth 14"" Gel Memory Foam Mattress, Twin XL",4.23,0,0.0,0,0
2022-10-31,2022-10-31_B09X1GMWY6,B09X1GMWY6,"NapQueen Elizabeth 14"" Gel Memory Foam Mattress, Twin XL",4.23,0,0.0,0,0
2022-11-01,2022-11-01_B09X1GMWY6,B09X1GMWY6,"NapQueen Elizabeth 14"" Gel Memory Foam Mattress, Twin XL",4.23,0,0.0,0,0
2022-11-02,2022-11-02_B09X1GMWY6,B09X1GMWY6,"NapQueen Elizabeth 14"" Gel Memory Foam Mattress, Twin XL",4.23,0,0.0,0,0
2022-11-03,2022-11-03_B09X1GMWY6,B09X1GMWY6,"NapQueen Elizabeth 14"" Gel Memory Foam Mattress, Twin XL",4.23,0,0.0,0,0
2022-11-04,2022-11-04_B09X1GMWY6,B09X1GMWY6,"NapQueen Elizabeth 14"" Gel Memory Foam Mattress, Twin XL",4.23,0,0.0,0,0
2022-11-05,2022-11-05_B09X1GMWY6,B09X1GMWY6,"NapQueen Elizabeth 14"" Gel Memory Foam Mattress, Twin XL",4.23,0,0.0,0,0
2022-11-06,2022-11-06_B09X1GMWY6,B09X1GMWY6,"NapQueen Elizabeth 14"" Gel Memory Foam Mattress, Twin XL",4.23,0,0.0,0,0
2022-11-07,2022-11-07_B09X1GMWY6,B09X1GMWY6,"NapQueen Elizabeth 14"" Gel Memory Foam Mattress, Twin XL",4.23,0,0.0,0,0
2022-11-08,2022-11-08_B09X1GMWY6,B09X1GMWY6,"NapQueen Elizabeth 14"" Gel Memory Foam Mattress, Twin XL",4.23,0,0.0,0,0
2022-11-09,2022-11-09_B09X1GMWY6,B09X1GMWY6,"NapQueen Elizabeth 14"" Gel Memory Foam Mattress, Twin XL",4.23,0,0.0,0,0
2022-11-10,2022-11-10_B09X1GMWY6,B09X1GMWY6,"NapQueen Elizabeth 14"" Gel Memory Foam Mattress, Twin XL",4.23,0,0.0,0,0
2022-11-11,2022-11-11_B09X1GMWY6,B09X1GMWY6,"NapQueen Elizabeth 14"" Gel Memory Foam Mattress, Twin XL",4.23,0,0.0,0,0
2022-11-12,2022-11-12_B09X1GMWY6,B09X1GMWY6,"NapQueen Elizabeth 14"" Gel Memory Foam Mattress, Twin XL",4.23,0,0.0,0,0
2022-11-13,2022-11-13_B09X1GMWY6,B09X1GMWY6,"NapQueen Elizabeth 14"" Gel Memory Foam Mattress, Twin XL",4.23,0,0.0,0,0
2022-11-14,2022-11-14_B09X1GMWY6,B09X1GMWY6,"NapQueen Elizabeth 14"" Gel Memory Foam Mattress, Twin XL",4.23,0,0.0,0,0
2022-11-15,2022-11-15_B09X1GMWY6,B09X1GMWY6,"NapQueen Elizabeth 14"" Gel Memory Foam Mattress, Twin XL",4.23,0,0.0,0,0
2022-11-16,2022-11-16_B09X1GMWY6,B09X1GMWY6,"NapQueen Elizabeth 14"" Gel Memory Foam Mattress, Twin XL",4.23,0,0.0,0,0
2022-11-17,2022-11-17_B09X1GMWY6,B09X1GMWY6,"NapQueen Elizabeth 14"" Gel Memory Foam Mattress, Twin XL",4.23,0,0.0,0,0
2022-11-18,2022-11-18_B09X1GMWY6,B09X1GMWY6,"NapQueen Elizabeth 14"" Gel Memory Foam Mattress, Twin XL",4.23,0,0.0,0,0
2022-11-19,2022-11-19_B09X1GMWY6,B09X1GMWY6,"NapQueen Elizabeth 14"" Gel Memory Foam Mattress, Twin XL",4.23,0,0.0,0,0
2022-11-20,2022-11-20_B09X1GMWY6,B09X1GMWY6,"NapQueen Elizabeth 14"" Gel Memory Foam Mattress, Twin XL",4.23,1,268.585,0,0
2022-11-21,2022-11-21_B09X1GMWY6,B09X1GMWY6,"NapQueen Elizabeth 14"" Gel Memory Foam Mattress, Twin XL",4.23,0,0.0,0,0
2022-11-22,2022-11-22_B09X1GMWY6,B09X1GMWY6,"NapQueen Elizabeth 14"" Gel Memory Foam Mattress, Twin XL",4.23,2,268.585,0,0
2022-11-23,2022-11-23_B09X1GMWY6,B09X1GMWY6,"NapQueen Elizabeth 14"" Gel Memory Foam Mattress, Twin XL",4.23,0,0.0,0,0
2022-11-24,2022-11-24_B09X1GMWY6,B09X1GMWY6,"NapQueen Elizabeth 14"" Gel Memory Foam Mattress, Twin XL",0.0,0,0.0,0,0
2022-11-25,2022-11-25_B09X1GMWY6,B09X1GMWY6,"NapQueen Elizabeth 14"" Gel Memory Foam Mattress, Twin XL",57.09,0,0.0,0,0
2022-11-26,2022-11-26_B09X1GMWY6,B09X1GMWY6,"NapQueen Elizabeth 14"" Gel Memory Foam Mattress, Twin XL",22.48,0,0.0,0,0
2022-11-27,2022-11-27_B09X1GMWY6,B09X1GMWY6,"NapQueen Elizabeth 14"" Gel Memory Foam Mattress, Twin XL",58.96,0,0.0,0,0
2022-11-28,2022-11-28_B09X1GMWY6,B09X1GMWY6,"NapQueen Elizabeth 14"" Gel Memory Foam Mattress, Twin XL",42.71,0,0.0,0,0
2022-11-29,2022-11-29_B09X1GMWY6,B09X1GMWY6,"NapQueen Elizabeth 14"" Gel Memory Foam Mattress, Twin XL",31.33,0,0.0,0,0
2022-11-30,2022-11-30_B09X1GMWY6,B09X1GMWY6,"NapQueen Elizabeth 14"" Gel Memory Foam Mattress, Twin XL",65.98,0,0.0,0,0
2022-12-01,2022-12-01_B09X1GMWY6,B09X1GMWY6,"NapQueen Elizabeth 14"" Gel Memory Foam Mattress, Twin XL",17.95,0,0.0,0,0
2022-12-02,2022-12-02_B09X1GMWY6,B09X1GMWY6,"NapQueen Elizabeth 14"" Gel Memory Foam Mattress, Twin XL",6.99,0,0.0,0,0
2022-12-03,2022-12-03_B09X1GMWY6,B09X1GMWY6,"NapQueen Elizabeth 14"" Gel Memory Foam Mattress, Twin XL",36.68,0,0.0,0,0
2022-12-04,2022-12-04_B09X1GMWY6,B09X1GMWY6,"NapQueen Elizabeth 14"" Gel Memory Foam Mattress, Twin XL",10.4,0,0.0,0,0
2022-12-05,2022-12-05_B09X1GMWY6,B09X1GMWY6,"NapQueen Elizabeth 14"" Gel Memory Foam Mattress, Twin XL",4.56,0,0.0,0,0
2022-12-06,2022-12-06_B09X1GMWY6,B09X1GMWY6,"NapQueen Elizabeth 14"" Gel Memory Foam Mattress, Twin XL",21.56,0,0.0,0,0
2022-12-07,2022-12-07_B09X1GMWY6,B09X1GMWY6,"NapQueen Elizabeth 14"" Gel Memory Foam Mattress, Twin XL",13.7,3,268.585,0,0
2022-12-08,2022-12-08_B09X1GMWY6,B09X1GMWY6,"NapQueen Elizabeth 14"" Gel Memory Foam Mattress, Twin XL",8.24,0,0.0,0,0
2022-12-09,2022-12-09_B09X1GMWY6,B09X1GMWY6,"NapQueen Elizabeth 14"" Gel Memory Foam Mattress, Twin XL",12.3,0,0.0,0,0
2022-12-10,2022-12-10_B09X1GMWY6,B09X1GMWY6,"NapQueen Elizabeth 14"" Gel Memory Foam Mattress, Twin XL",15.52,0,0.0,0,0
2022-12-11,2022-12-11_B09X1GMWY6,B09X1GMWY6,"NapQueen Elizabeth 14"" Gel Memory Foam Mattress, Twin XL",14.14,0,0.0,0,0
2022-12-12,2022-12-12_B09X1GMWY6,B09X1GMWY6,"NapQueen Elizabeth 14"" Gel Memory Foam Mattress, Twin XL",5.41,0,0.0,0,0
2022-12-13,2022-12-13_B09X1GMWY6,B09X1GMWY6,"NapQueen Elizabeth 14"" Gel Memory Foam Mattress, Twin XL",16.18,0,0.0,0,0
2022-12-14,2022-12-14_B09X1GMWY6,B09X1GMWY6,"NapQueen Elizabeth 14"" Gel Memory Foam Mattress, Twin XL",20.39,0,0.0,0,0
2022-12-15,2022-12-15_B09X1GMWY6,B09X1GMWY6,"NapQueen Elizabeth 14"" Gel Memory Foam Mattress, Twin XL",12.19,1,268.585,0,0
2022-12-16,2022-12-16_B09X1GMWY6,B09X1GMWY6,"NapQueen Elizabeth 14"" Gel Memory Foam Mattress, Twin XL",24.44,0,0.0,0,0
2022-12-17,2022-12-17_B09X1GMWY6,B09X1GMWY6,"NapQueen Elizabeth 14"" Gel Memory Foam Mattress, Twin XL",18.85,0,0.0,0,0
2022-12-18,2022-12-18_B09X1GMWY6,B09X1GMWY6,"NapQueen Elizabeth 14"" Gel Memory Foam Mattress, Twin XL",17.71,1,268.585,0,0
2022-12-19,2022-12-19_B09X1GMWY6,B09X1GMWY6,"NapQueen Elizabeth 14"" Gel Memory Foam Mattress, Twin XL",17.82,0,0.0,0,0
2022-12-20,2022-12-20_B09X1GMWY6,B09X1GMWY6,"NapQueen Elizabeth 14"" Gel Memory Foam Mattress, Twin XL",24.99,0,0.0,0,0
2022-12-21,2022-12-21_B09X1GMWY6,B09X1GMWY6,"NapQueen Elizabeth 14"" Gel Memory Foam Mattress, Twin XL",48.26,0,0.0,0,0
2022-12-22,2022-12-22_B09X1GMWY6,B09X1GMWY6,"NapQueen Elizabeth 14"" Gel Memory Foam Mattress, Twin XL",26.32,0,0.0,0,0
2022-12-23,2022-12-23_B09X1GMWY6,B09X1GMWY6,"NapQueen Elizabeth 14"" Gel Memory Foam Mattress, Twin XL",12.63,0,0.0,0,0
2022-12-24,2022-12-24_B09X1GMWY6,B09X1GMWY6,"NapQueen Elizabeth 14"" Gel Memory Foam Mattress, Twin XL",17.88,1,299.99,0,0
2022-12-25,2022-12-25_B09X1GMWY6,B09X1GMWY6,"NapQueen Elizabeth 14"" Gel Memory Foam Mattress, Twin XL",13.57,0,0.0,0,0
2022-12-26,2022-12-26_B09X1GMWY6,B09X1GMWY6,"NapQueen Elizabeth 14"" Gel Memory Foam Mattress, Twin XL",27.57,1,268.585,0,0
2022-12-27,2022-12-27_B09X1GMWY6,B09X1GMWY6,"NapQueen Elizabeth 14"" Gel Memory Foam Mattress, Twin XL",15.5,1,268.585,0,0
2022-12-28,2022-12-28_B09X1GMWY6,B09X1GMWY6,"NapQueen Elizabeth 14"" Gel Memory Foam Mattress, Twin XL",10.67,0,0.0,0,0
2022-12-29,2022-12-29_B09X1GMWY6,B09X1GMWY6,"NapQueen Elizabeth 14"" Gel Memory Foam Mattress, Twin XL",32.96,0,0.0,0,0
2022-12-30,2022-12-30_B09X1GMWY6,B09X1GMWY6,"NapQueen Elizabeth 14"" Gel Memory Foam Mattress, Twin XL",25.02,0,0.0,0,0
2022-12-31,2022-12-31_B09X1GMWY6,B09X1GMWY6,"NapQueen Elizabeth 14"" Gel Memory Foam Mattress, Twin XL",10.92,0,0.0,0,0
2023-01-01,2023-01-01_B09X1GMWY6,B09X1GMWY6,"NapQueen Elizabeth 14"" Gel Memory Foam Mattress, Twin XL",6.22,0,0.0,0,0
2023-01-02,2023-01-02_B09X1GMWY6,B09X1GMWY6,"NapQueen Elizabeth 14"" Gel Memory Foam Mattress, Twin XL",3.27,2,268.585,0,0
2023-01-03,2023-01-03_B09X1GMWY6,B09X1GMWY6,"NapQueen Elizabeth 14"" Gel Memory Foam Mattress, Twin XL",7.63,2,268.585,0,0
2023-01-04,2023-01-04_B09X1GMWY6,B09X1GMWY6,"NapQueen Elizabeth 14"" Gel Memory Foam Mattress, Twin XL",6.83,0,0.0,0,0
2023-01-05,2023-01-05_B09X1GMWY6,B09X1GMWY6,"NapQueen Elizabeth 14"" Gel Memory Foam Mattress, Twin XL",0.0,2,268.585,0,0
2023-01-06,2023-01-06_B09X1GMWY6,B09X1GMWY6,"NapQueen Elizabeth 14"" Gel Memory Foam Mattress, Twin XL",4.25,0,0.0,0,0
2023-01-07,2023-01-07_B09X1GMWY6,B09X1GMWY6,"NapQueen Elizabeth 14"" Gel Memory Foam Mattress, Twin XL",3.68,2,268.585,0,0
2023-01-08,2023-01-08_B09X1GMWY6,B09X1GMWY6,"NapQueen Elizabeth 14"" Gel Memory Foam Mattress, Twin XL",0.89,0,0.0,0,0
2023-01-09,2023-01-09_B09X1GMWY6,B09X1GMWY6,"NapQueen Elizabeth 14"" Gel Memory Foam Mattress, Twin XL",6.99,0,0.0,0,0
2023-01-10,2023-01-10_B09X1GMWY6,B09X1GMWY6,"NapQueen Elizabeth 14"" Gel Memory Foam Mattress, Twin XL",7.24,0,0.0,0,0
2023-01-11,2023-01-11_B09X1GMWY6,B09X1GMWY6,"NapQueen Elizabeth 14"" Gel Memory Foam Mattress, Twin XL",8.89,1,260.73,0,0
2023-01-12,2023-01-12_B09X1GMWY6,B09X1GMWY6,"NapQueen Elizabeth 14"" Gel Memory Foam Mattress, Twin XL",4.56,0,0.0,0,0
2023-01-13,2023-01-13_B09X1GMWY6,B09X1GMWY6,"NapQueen Elizabeth 14"" Gel Memory Foam Mattress, Twin XL",3.86,1,268.585,0,0
2023-01-14,2023-01-14_B09X1GMWY6,B09X1GMWY6,"NapQueen Elizabeth 14"" Gel Memory Foam Mattress, Twin XL",7.32,0,0.0,0,0
2023-01-15,2023-01-15_B09X1GMWY6,B09X1GMWY6,"NapQueen Elizabeth 14"" Gel Memory Foam Mattress, Twin XL",29.12,0,0.0,0,0
2023-01-16,2023-01-16_B09X1GMWY6,B09X1GMWY6,"NapQueen Elizabeth 14"" Gel Memory Foam Mattress, Twin XL",0.0,1,264.68,0,0
2023-01-17,2023-01-17_B09X1GMWY6,B09X1GMWY6,"NapQueen Elizabeth 14"" Gel Memory Foam Mattress, Twin XL",0.0,0,0.0,0,0
2023-01-18,2023-01-18_B09X1GMWY6,B09X1GMWY6,"NapQueen Elizabeth 14"" Gel Memory Foam Mattress, Twin XL",0.0,0,0.0,0,0
2023-01-19,2023-01-19_B09X1GMWY6,B09X1GMWY6,"NapQueen Elizabeth 14"" Gel Memory Foam Mattress, Twin XL",0.0,0,0.0,0,0
2023-01-20,2023-01-20_B09X1GMWY6,B09X1GMWY6,"NapQueen Elizabeth 14"" Gel Memory Foam Mattress, Twin XL",0.0,0,0.0,0,0
2023-01-21,2023-01-21_B09X1GMWY6,B09X1GMWY6,"NapQueen Elizabeth 14"" Gel Memory Foam Mattress, Twin XL",0.0,0,0.0,0,0
2023-01-22,2023-01-22_B09X1GMWY6,B09X1GMWY6,"NapQueen Elizabeth 14"" Gel Memory Foam Mattress, Twin XL",0.0,0,0.0,0,0
2023-01-23,2023-01-23_B09X1GMWY6,B09X1GMWY6,"NapQueen Elizabeth 14"" Gel Memory Foam Mattress, Twin XL",0.0,0,0.0,0,0
2023-01-24,2023-01-24_B09X1GMWY6,B09X1GMWY6,"NapQueen Elizabeth 14"" Gel Memory Foam Mattress, Twin XL",0.0,0,0.0,0,0
2023-01-25,2023-01-25_B09X1GMWY6,B09X1GMWY6,"NapQueen Elizabeth 14"" Gel Memory Foam Mattress, Twin XL",0.0,0,0.0,0,0
2023-01-26,2023-01-26_B09X1GMWY6,B09X1GMWY6,"NapQueen Elizabeth 14"" Gel Memory Foam Mattress, Twin XL",0.0,0,0.0,0,0
2023-01-27,2023-01-27_B09X1GMWY6,B09X1GMWY6,"NapQueen Elizabeth 14"" Gel Memory Foam Mattress, Twin XL",0.0,0,0.0,0,0
2023-01-28,2023-01-28_B09X1GMWY6,B09X1GMWY6,"NapQueen Elizabeth 14"" Gel Memory Foam Mattress, Twin XL",0.0,0,0.0,0,0
2023-01-29,2023-01-29_B09X1GMWY6,B09X1GMWY6,"NapQueen Elizabeth 14"" Gel Memory Foam Mattress, Twin XL",0.0,0,0.0,0,0
2023-01-30,2023-01-30_B09X1GMWY6,B09X1GMWY6,"NapQueen Elizabeth 14"" Gel Memory Foam Mattress, Twin XL",0.0,0,0.0,0,0
2023-01-31,2023-01-31_B09X1GMWY6,B09X1GMWY6,"NapQueen Elizabeth 14"" Gel Memory Foam Mattress, Twin XL",0.0,0,0.0,0,0
2023-02-01,2023-02-01_B09X1GMWY6,B09X1GMWY6,"NapQueen Elizabeth 14"" Gel Memory Foam Mattress, Twin XL",0.0,0,0.0,0,0
2023-02-02,2023-02-02_B09X1GMWY6,B09X1GMWY6,"NapQueen Elizabeth 14"" Gel Memory Foam Mattress, Twin XL",0.0,0,0.0,0,0
2023-02-03,2023-02-03_B09X1GMWY6,B09X1GMWY6,"NapQueen Elizabeth 14"" Gel Memory Foam Mattress, Twin XL",0.0,0,0.0,0,0
2023-02-04,2023-02-04_B09X1GMWY6,B09X1GMWY6,"NapQueen Elizabeth 14"" Gel Memory Foam Mattress, Twin XL",0.0,0,0.0,0,0
2023-02-05,2023-02-05_B09X1GMWY6,B09X1GMWY6,"NapQueen Elizabeth 14"" Gel Memory Foam Mattress, Twin XL",0.0,0,0.0,0,0
2023-02-06,2023-02-06_B09X1GMWY6,B09X1GMWY6,"NapQueen Elizabeth 14"" Gel Memory Foam Mattress, Twin XL",0.0,0,0.0,0,0
2023-02-07,2023-02-07_B09X1GMWY6,B09X1GMWY6,"NapQueen Elizabeth 14"" Gel Memory Foam Mattress, Twin XL",0.0,0,0.0,0,0
2023-02-08,2023-02-08_B09X1GMWY6,B09X1GMWY6,"NapQueen Elizabeth 14"" Gel Memory Foam Mattress, Twin XL",0.0,0,0.0,0,0
2023-02-09,2023-02-09_B09X1GMWY6,B09X1GMWY6,"NapQueen Elizabeth 14"" Gel Memory Foam Mattress, Twin XL",0.0,0,0.0,0,0
2023-02-10,2023-02-10_B09X1GMWY6,B09X1GMWY6,"NapQueen Elizabeth 14"" Gel Memory Foam Mattress, Twin XL",0.0,0,0.0,0,0
2023-02-11,2023-02-11_B09X1GMWY6,B09X1GMWY6,"NapQueen Elizabeth 14"" Gel Memory Foam Mattress, Twin XL",0.0,0,0.0,0,0
2023-02-12,2023-02-12_B09X1GMWY6,B09X1GMWY6,"NapQueen Elizabeth 14"" Gel Memory Foam Mattress, Twin XL",0.0,0,0.0,0,0
2023-02-13,2023-02-13_B09X1GMWY6,B09X1GMWY6,"NapQueen Elizabeth 14"" Gel Memory Foam Mattress, Twin XL",0.0,0,0.0,0,0
2023-02-14,2023-02-14_B09X1GMWY6,B09X1GMWY6,"NapQueen Elizabeth 14"" Gel Memory Foam Mattress, Twin XL",0.0,0,0.0,0,0
2023-02-15,2023-02-15_B09X1GMWY6,B09X1GMWY6,"NapQueen Elizabeth 14"" Gel Memory Foam Mattress, Twin XL",0.0,0,0.0,0,0
2023-02-16,2023-02-16_B09X1GMWY6,B09X1GMWY6,"NapQueen Elizabeth 14"" Gel Memory Foam Mattress, Twin XL",0.0,0,0.0,0,0
2023-02-17,2023-02-17_B09X1GMWY6,B09X1GMWY6,"NapQueen Elizabeth 14"" Gel Memory Foam Mattress, Twin XL",0.0,0,0.0,0,0
2023-02-18,2023-02-18_B09X1GMWY6,B09X1GMWY6,"NapQueen Elizabeth 14"" Gel Memory Foam Mattress, Twin XL",0.0,0,0.0,0,0
2023-02-19,2023-02-19_B09X1GMWY6,B09X1GMWY6,"NapQueen Elizabeth 14"" Gel Memory Foam Mattress, Twin XL",0.0,0,0.0,0,0
2023-02-20,2023-02-20_B09X1GMWY6,B09X1GMWY6,"NapQueen Elizabeth 14"" Gel Memory Foam Mattress, Twin XL",0.0,0,0.0,0,0
2023-02-21,2023-02-21_B09X1GMWY6,B09X1GMWY6,"NapQueen Elizabeth 14"" Gel Memory Foam Mattress, Twin XL",0.0,0,0.0,0,0
2023-02-22,2023-02-22_B09X1GMWY6,B09X1GMWY6,"NapQueen Elizabeth 14"" Gel Memory Foam Mattress, Twin XL",0.0,0,0.0,0,0
2023-02-23,2023-02-23_B09X1GMWY6,B09X1GMWY6,"NapQueen Elizabeth 14"" Gel Memory Foam Mattress, Twin XL",0.0,0,0.0,0,0
2023-02-24,2023-02-24_B09X1GMWY6,B09X1GMWY6,"NapQueen Elizabeth 14"" Gel Memory Foam Mattress, Twin XL",0.0,0,0.0,0,0
2023-02-25,2023-02-25_B09X1GMWY6,B09X1GMWY6,"NapQueen Elizabeth 14"" Gel Memory Foam Mattress, Twin XL",0.0,0,0.0,0,0
2023-02-26,2023-02-26_B09X1GMWY6,B09X1GMWY6,"NapQueen Elizabeth 14"" Gel Memory Foam Mattress, Twin XL",0.0,0,0.0,0,0
2023-02-27,2023-02-27_B09X1GMWY6,B09X1GMWY6,"NapQueen Elizabeth 14"" Gel Memory Foam Mattress, Twin XL",0.0,0,0.0,0,0
2023-02-28,2023-02-28_B09X1GMWY6,B09X1GMWY6,"NapQueen Elizabeth 14"" Gel Memory Foam Mattress, Twin XL",0.0,0,0.0,0,0
2023-03-01,2023-03-01_B09X1GMWY6,B09X1GMWY6,"NapQueen Elizabeth 14"" Gel Memory Foam Mattress, Twin XL",0.0,0,0.0,0,0
2023-03-02,2023-03-02_B09X1GMWY6,B09X1GMWY6,"NapQueen Elizabeth 14"" Gel Memory Foam Mattress, Twin XL",0.0,0,0.0,0,0
2023-03-03,2023-03-03_B09X1GMWY6,B09X1GMWY6,"NapQueen Elizabeth 14"" Gel Memory Foam Mattress, Twin XL",13.97,2,268.585,0,0
2023-03-04,2023-03-04_B09X1GMWY6,B09X1GMWY6,"NapQueen Elizabeth 14"" Gel Memory Foam Mattress, Twin XL",23.08,3,291.645,0,0
2023-03-05,2023-03-05_B09X1GMWY6,B09X1GMWY6,"NapQueen Elizabeth 14"" Gel Memory Foam Mattress, Twin XL",15.81,1,268.585,0,0
2023-03-06,2023-03-06_B09X1GMWY6,B09X1GMWY6,"NapQueen Elizabeth 14"" Gel Memory Foam Mattress, Twin XL",2.94,2,268.585,0,0
2023-03-07,2023-03-07_B09X1GMWY6,B09X1GMWY6,"NapQueen Elizabeth 14"" Gel Memory Foam Mattress, Twin XL",8.19,0,0.0,0,0
2023-03-08,2023-03-08_B09X1GMWY6,B09X1GMWY6,"NapQueen Elizabeth 14"" Gel Memory Foam Mattress, Twin XL",1.62,0,0.0,0,0
2023-03-09,2023-03-09_B09X1GMWY6,B09X1GMWY6,"NapQueen Elizabeth 14"" Gel Memory Foam Mattress, Twin XL",3.24,0,0.0,0,0
2023-03-10,2023-03-10_B09X1GMWY6,B09X1GMWY6,"NapQueen Elizabeth 14"" Gel Memory Foam Mattress, Twin XL",8.89,0,0.0,0,0
2023-03-11,2023-03-11_B09X1GMWY6,B09X1GMWY6,"NapQueen Elizabeth 14"" Gel Memory Foam Mattress, Twin XL",6.19,0,0.0,0,0
2023-03-12,2023-03-12_B09X1GMWY6,B09X1GMWY6,"NapQueen Elizabeth 14"" Gel Memory Foam Mattress, Twin XL",0.0,0,0.0,0,0
2023-03-13,2023-03-13_B09X1GMWY6,B09X1GMWY6,"NapQueen Elizabeth 14"" Gel Memory Foam Mattress, Twin XL",0.35,0,0.0,0,0
2023-03-14,2023-03-14_B09X1GMWY6,B09X1GMWY6,"NapQueen Elizabeth 14"" Gel Memory Foam Mattress, Twin XL",4.23,0,0.0,0,0
2023-03-15,2023-03-15_B09X1GMWY6,B09X1GMWY6,"NapQueen Elizabeth 14"" Gel Memory Foam Mattress, Twin XL",4.23,0,0.0,0,0
2023-03-16,2023-03-16_B09X1GMWY6,B09X1GMWY6,"NapQueen Elizabeth 14"" Gel Memory Foam Mattress, Twin XL",4.23,0,0.0,0,0
2023-03-17,2023-03-17_B09X1GMWY6,B09X1GMWY6,"NapQueen Elizabeth 14"" Gel Memory Foam Mattress, Twin XL",4.23,0,0.0,0,0
2023-03-18,2023-03-18_B09X1GMWY6,B09X1GMWY6,"NapQueen Elizabeth 14"" Gel Memory Foam Mattress, Twin XL",4.23,0,0.0,0,0
2023-03-19,2023-03-19_B09X1GMWY6,B09X1GMWY6,"NapQueen Elizabeth 14"" Gel Memory Foam Mattress, Twin XL",4.23,0,0.0,0,0
2023-03-20,2023-03-20_B09X1GMWY6,B09X1GMWY6,"NapQueen Elizabeth 14"" Gel Memory Foam Mattress, Twin XL",4.23,0,0.0,0,0
2023-03-21,2023-03-21_B09X1GMWY6,B09X1GMWY6,"NapQueen Elizabeth 14"" Gel Memory Foam Mattress, Twin XL",4.23,0,0.0,0,0
2023-03-22,2023-03-22_B09X1GMWY6,B09X1GMWY6,"NapQueen Elizabeth 14"" Gel Memory Foam Mattress, Twin XL",4.23,1,268.585,0,0
2023-03-23,2023-03-23_B09X1GMWY6,B09X1GMWY6,"NapQueen Elizabeth 14"" Gel Memory Foam Mattress, Twin XL",4.23,0,0.0,0,0
2023-03-24,2023-03-24_B09X1GMWY6,B09X1GMWY6,"NapQueen Elizabeth 14"" Gel Memory Foam Mattress, Twin XL",4.23,0,0.0,0,0
2023-03-25,2023-03-25_B09X1GMWY6,B09X1GMWY6,"NapQueen Elizabeth 14"" Gel Memory Foam Mattress, Twin XL",4.23,0,0.0,1,0
2023-03-26,2023-03-26_B09X1GMWY6,B09X1GMWY6,"NapQueen Elizabeth 14"" Gel Memory Foam Mattress, Twin XL",4.23,0,0.0,0,0
2023-03-27,2023-03-27_B09X1GMWY6,B09X1GMWY6,"NapQueen Elizabeth 14"" Gel Memory Foam Mattress, Twin XL",4.23,0,0.0,0,0
2023-03-28,2023-03-28_B09X1GMWY6,B09X1GMWY6,"NapQueen Elizabeth 14"" Gel Memory Foam Mattress, Twin XL",4.23,0,0.0,0,0
2023-03-29,2023-03-29_B09X1GMWY6,B09X1GMWY6,"NapQueen Elizabeth 14"" Gel Memory Foam Mattress, Twin XL",4.23,0,0.0,0,0
2023-03-30,2023-03-30_B09X1GMWY6,B09X1GMWY6,"NapQueen Elizabeth 14"" Gel Memory Foam Mattress, Twin XL",4.23,0,0.0,0,0
2023-03-31,2023-03-31_B09X1GMWY6,B09X1GMWY6,"NapQueen Elizabeth 14"" Gel Memory Foam Mattress, Twin XL",4.23,0,0.0,0,0
2023-04-01,2023-04-01_B09X1GMWY6,B09X1GMWY6,"NapQueen Elizabeth 14"" Gel Memory Foam Mattress, Twin XL",4.23,0,0.0,1,0
2023-04-02,2023-04-02_B09X1GMWY6,B09X1GMWY6,"NapQueen Elizabeth 14"" Gel Memory Foam Mattress, Twin XL",4.23,0,0.0,0,0
2023-04-03,2023-04-03_B09X1GMWY6,B09X1GMWY6,"NapQueen Elizabeth 14"" Gel Memory Foam Mattress, Twin XL",4.23,0,0.0,0,0
2023-04-04,2023-04-04_B09X1GMWY6,B09X1GMWY6,"NapQueen Elizabeth 14"" Gel Memory Foam Mattress, Twin XL",4.23,0,0.0,0,0
2023-04-05,2023-04-05_B09X1GMWY6,B09X1GMWY6,"NapQueen Elizabeth 14"" Gel Memory Foam Mattress, Twin XL",4.23,0,0.0,0,0
2023-04-06,2023-04-06_B09X1GMWY6,B09X1GMWY6,"NapQueen Elizabeth 14"" Gel Memory Foam Mattress, Twin XL",4.23,0,0.0,0,0
2023-04-07,2023-04-07_B09X1GMWY6,B09X1GMWY6,"NapQueen Elizabeth 14"" Gel Memory Foam Mattress, Twin XL",4.23,0,0.0,0,0
2023-04-08,2023-04-08_B09X1GMWY6,B09X1GMWY6,"NapQueen Elizabeth 14"" Gel Memory Foam Mattress, Twin XL",4.23,0,0.0,1,0
2023-04-09,2023-04-09_B09X1GMWY6,B09X1GMWY6,"NapQueen Elizabeth 14"" Gel Memory Foam Mattress, Twin XL",4.23,0,0.0,0,0
2023-04-10,2023-04-10_B09X1GMWY6,B09X1GMWY6,"NapQueen Elizabeth 14"" Gel Memory Foam Mattress, Twin XL",4.23,0,0.0,0,0
2023-04-11,2023-04-11_B09X1GMWY6,B09X1GMWY6,"NapQueen Elizabeth 14"" Gel Memory Foam Mattress, Twin XL",4.23,0,0.0,0,0
2023-04-12,2023-04-12_B09X1GMWY6,B09X1GMWY6,"NapQueen Elizabeth 14"" Gel Memory Foam Mattress, Twin XL",4.23,0,0.0,0,0
2023-04-13,2023-04-13_B09X1GMWY6,B09X1GMWY6,"NapQueen Elizabeth 14"" Gel Memory Foam Mattress, Twin XL",4.23,0,0.0,0,0
2023-04-14,2023-04-14_B09X1GMWY6,B09X1GMWY6,"NapQueen Elizabeth 14"" Gel Memory Foam Mattress, Twin XL",4.23,0,0.0,0,0
2023-04-15,2023-04-15_B09X1GMWY6,B09X1GMWY6,"NapQueen Elizabeth 14"" Gel Memory Foam Mattress, Twin XL",4.23,0,0.0,0,0
2023-04-16,2023-04-16_B09X1GMWY6,B09X1GMWY6,"NapQueen Elizabeth 14"" Gel Memory Foam Mattress, Twin XL",4.23,0,0.0,0,0
2023-04-17,2023-04-17_B09X1GMWY6,B09X1GMWY6,"NapQueen Elizabeth 14"" Gel Memory Foam Mattress, Twin XL",4.23,0,0.0,0,0
2023-04-18,2023-04-18_B09X1GMWY6,B09X1GMWY6,"NapQueen Elizabeth 14"" Gel Memory Foam Mattress, Twin XL",4.23,0,0.0,0,0
2023-04-19,2023-04-19_B09X1GMWY6,B09X1GMWY6,"NapQueen Elizabeth 14"" Gel Memory Foam Mattress, Twin XL",4.23,0,0.0,0,0
2023-04-20,2023-04-20_B09X1GMWY6,B09X1GMWY6,"NapQueen Elizabeth 14"" Gel Memory Foam Mattress, Twin XL",4.23,0,0.0,0,0
2023-04-21,2023-04-21_B09X1GMWY6,B09X1GMWY6,"NapQueen Elizabeth 14"" Gel Memory Foam Mattress, Twin XL",4.23,0,0.0,0,0
2023-04-22,2023-04-22_B09X1GMWY6,B09X1GMWY6,"NapQueen Elizabeth 14"" Gel Memory Foam Mattress, Twin XL",4.23,0,0.0,0,0
2023-04-23,2023-04-23_B09X1GMWY6,B09X1GMWY6,"NapQueen Elizabeth 14"" Gel Memory Foam Mattress, Twin XL",4.23,0,0.0,0,0
2023-04-24,2023-04-24_B09X1GMWY6,B09X1GMWY6,"NapQueen Elizabeth 14"" Gel Memory Foam Mattress, Twin XL",4.23,0,0.0,0,0
2023-04-25,2023-04-25_B09X1GMWY6,B09X1GMWY6,"NapQueen Elizabeth 14"" Gel Memory Foam Mattress, Twin XL",4.23,0,0.0,0,0
2023-04-26,2023-04-26_B09X1GMWY6,B09X1GMWY6,"NapQueen Elizabeth 14"" Gel Memory Foam Mattress, Twin XL",4.23,0,0.0,1,0
2023-04-27,2023-04-27_B09X1GMWY6,B09X1GMWY6,"NapQueen Elizabeth 14"" Gel Memory Foam Mattress, Twin XL",4.23,0,0.0,0,0
2023-04-28,2023-04-28_B09X1GMWY6,B09X1GMWY6,"NapQueen Elizabeth 14"" Gel Memory Foam Mattress, Twin XL",4.23,0,0.0,0,0
2023-04-29,2023-04-29_B09X1GMWY6,B09X1GMWY6,"NapQueen Elizabeth 14"" Gel Memory Foam Mattress, Twin XL",4.23,0,0.0,0,0
2023-04-30,2023-04-30_B09X1GMWY6,B09X1GMWY6,"NapQueen Elizabeth 14"" Gel Memory Foam Mattress, Twin XL",4.23,0,0.0,0,0
2023-05-01,2023-05-01_B09X1GMWY6,B09X1GMWY6,"NapQueen Elizabeth 14"" Gel Memory Foam Mattress, Twin XL",4.23,0,0.0,0,0
2023-05-02,2023-05-02_B09X1GMWY6,B09X1GMWY6,"NapQueen Elizabeth 14"" Gel Memory Foam Mattress, Twin XL",4.23,0,0.0,0,0
2023-05-03,2023-05-03_B09X1GMWY6,B09X1GMWY6,"NapQueen Elizabeth 14"" Gel Memory Foam Mattress, Twin XL",4.23,0,0.0,0,0
2023-05-04,2023-05-04_B09X1GMWY6,B09X1GMWY6,"NapQueen Elizabeth 14"" Gel Memory Foam Mattress, Twin XL",4.23,0,0.0,0,0
2023-05-05,2023-05-05_B09X1GMWY6,B09X1GMWY6,"NapQueen Elizabeth 14"" Gel Memory Foam Mattress, Twin XL",4.23,0,0.0,0,0
2023-05-06,2023-05-06_B09X1GMWY6,B09X1GMWY6,"NapQueen Elizabeth 14"" Gel Memory Foam Mattress, Twin XL",4.23,0,0.0,0,0
2023-06-06,2023-06-06_B09X1GMWY6,B09X1GMWY6,"NapQueen Elizabeth 14"" Gel Memory Foam Mattress, Twin XL",4.23,0,0.0,0,0
2023-06-07,2023-06-07_B09X1GMWY6,B09X1GMWY6,"NapQueen Elizabeth 14"" Gel Memory Foam Mattress, Twin XL",4.23,2,268.585,0,0
2023-06-08,2023-06-08_B09X1GMWY6,B09X1GMWY6,"NapQueen Elizabeth 14"" Gel Memory Foam Mattress, Twin XL",4.23,0,0.0,0,0
2023-06-09,2023-06-09_B09X1GMWY6,B09X1GMWY6,"NapQueen Elizabeth 14"" Gel Memory Foam Mattress, Twin XL",4.23,1,268.585,0,0
2023-06-10,2023-06-10_B09X1GMWY6,B09X1GMWY6,"NapQueen Elizabeth 14"" Gel Memory Foam Mattress, Twin XL",4.23,0,0.0,0,0
2023-06-11,2023-06-11_B09X1GMWY6,B09X1GMWY6,"NapQueen Elizabeth 14"" Gel Memory Foam Mattress, Twin XL",4.23,0,0.0,0,0
2023-06-12,2023-06-12_B09X1GMWY6,B09X1GMWY6,"NapQueen Elizabeth 14"" Gel Memory Foam Mattress, Twin XL",4.23,0,0.0,0,0
2023-06-13,2023-06-13_B09X1GMWY6,B09X1GMWY6,"NapQueen Elizabeth 14"" Gel Memory Foam Mattress, Twin XL",4.23,0,0.0,0,0
2023-06-14,2023-06-14_B09X1GMWY6,B09X1GMWY6,"NapQueen Elizabeth 14"" Gel Memory Foam Mattress, Twin XL",4.23,0,0.0,0,0
2023-06-15,2023-06-15_B09X1GMWY6,B09X1GMWY6,"NapQueen Elizabeth 14"" Gel Memory Foam Mattress, Twin XL",4.23,0,0.0,0,0
2023-06-16,2023-06-16_B09X1GMWY6,B09X1GMWY6,"NapQueen Elizabeth 14"" Gel Memory Foam Mattress, Twin XL",4.23,0,0.0,0,0
2023-06-17,2023-06-17_B09X1GMWY6,B09X1GMWY6,"NapQueen Elizabeth 14"" Gel Memory Foam Mattress, Twin XL",4.23,0,0.0,0,0
2023-06-18,2023-06-18_B09X1GMWY6,B09X1GMWY6,"NapQueen Elizabeth 14"" Gel Memory Foam Mattress, Twin XL",4.23,0,0.0,0,0
2023-06-19,2023-06-19_B09X1GMWY6,B09X1GMWY6,"NapQueen Elizabeth 14"" Gel Memory Foam Mattress, Twin XL",4.23,0,0.0,0,0
2023-06-20,2023-06-20_B09X1GMWY6,B09X1GMWY6,"NapQueen Elizabeth 14"" Gel Memory Foam Mattress, Twin XL",4.23,0,0.0,0,0
2023-06-21,2023-06-21_B09X1GMWY6,B09X1GMWY6,"NapQueen Elizabeth 14"" Gel Memory Foam Mattress, Twin XL",4.23,0,0.0,0,0
2023-06-22,2023-06-22_B09X1GMWY6,B09X1GMWY6,"NapQueen Elizabeth 14"" Gel Memory Foam Mattress, Twin XL",0.91,0,0.0,0,0
2023-06-23,2023-06-23_B09X1GMWY6,B09X1GMWY6,"NapQueen Elizabeth 14"" Gel Memory Foam Mattress, Twin XL",0.0,0,0.0,0,0
2023-06-24,2023-06-24_B09X1GMWY6,B09X1GMWY6,"NapQueen Elizabeth 14"" Gel Memory Foam Mattress, Twin XL",0.0,0,0.0,0,0
2023-06-25,2023-06-25_B09X1GMWY6,B09X1GMWY6,"NapQueen Elizabeth 14"" Gel Memory Foam Mattress, Twin XL",0.0,0,0.0,0,0
2023-06-26,2023-06-26_B09X1GMWY6,B09X1GMWY6,"NapQueen Elizabeth 14"" Gel Memory Foam Mattress, Twin XL",0.0,0,0.0,0,0
2023-06-27,2023-06-27_B09X1GMWY6,B09X1GMWY6,"NapQueen Elizabeth 14"" Gel Memory Foam Mattress, Twin XL",0.0,0,0.0,0,0
2023-06-28,2023-06-28_B09X1GMWY6,B09X1GMWY6,"NapQueen Elizabeth 14"" Gel Memory Foam Mattress, Twin XL",0.0,0,0.0,0,0
2023-06-29,2023-06-29_B09X1GMWY6,B09X1GMWY6,"NapQueen Elizabeth 14"" Gel Memory Foam Mattress, Twin XL",0.37,0,0.0,0,0
2023-06-30,2023-06-30_B09X1GMWY6,B09X1GMWY6,"NapQueen Elizabeth 14"" Gel Memory Foam Mattress, Twin XL",0.81,0,0.0,0,0
2023-07-01,2023-07-01_B09X1GMWY6,B09X1GMWY6,"NapQueen Elizabeth 14"" Gel Memory Foam Mattress, Twin XL",7.19,0,0.0,0,0
2023-07-02,2023-07-02_B09X1GMWY6,B09X1GMWY6,"NapQueen Elizabeth 14"" Gel Memory Foam Mattress, Twin XL",5.66,0,0.0,0,0
2023-07-03,2023-07-03_B09X1GMWY6,B09X1GMWY6,"NapQueen Elizabeth 14"" Gel Memory Foam Mattress, Twin XL",1.8,0,0.0,0,0
2023-07-04,2023-07-04_B09X1GMWY6,B09X1GMWY6,"NapQueen Elizabeth 14"" Gel Memory Foam Mattress, Twin XL",2.75,0,0.0,0,0
2023-07-05,2023-07-05_B09X1GMWY6,B09X1GMWY6,"NapQueen Elizabeth 14"" Gel Memory Foam Mattress, Twin XL",0.0,0,0.0,0,0
2023-07-06,2023-07-06_B09X1GMWY6,B09X1GMWY6,"NapQueen Elizabeth 14"" Gel Memory Foam Mattress, Twin XL",1.6,0,0.0,0,0
2023-07-07,2023-07-07_B09X1GMWY6,B09X1GMWY6,"NapQueen Elizabeth 14"" Gel Memory Foam Mattress, Twin XL",7.71,0,0.0,0,0
2023-07-08,2023-07-08_B09X1GMWY6,B09X1GMWY6,"NapQueen Elizabeth 14"" Gel Memory Foam Mattress, Twin XL",0.76,0,0.0,0,0
2023-07-09,2023-07-09_B09X1GMWY6,B09X1GMWY6,"NapQueen Elizabeth 14"" Gel Memory Foam Mattress, Twin XL",1.72,0,0.0,0,0
2023-07-10,2023-07-10_B09X1GMWY6,B09X1GMWY6,"NapQueen Elizabeth 14"" Gel Memory Foam Mattress, Twin XL",0.0,0,0.0,0,0
2023-07-11,2023-07-11_B09X1GMWY6,B09X1GMWY6,"NapQueen Elizabeth 14"" Gel Memory Foam Mattress, Twin XL",12.09,0,0.0,0,0
2023-07-12,2023-07-12_B09X1GMWY6,B09X1GMWY6,"NapQueen Elizabeth 14"" Gel Memory Foam Mattress, Twin XL",3.32,0,0.0,0,0
2023-07-13,2023-07-13_B09X1GMWY6,B09X1GMWY6,"NapQueen Elizabeth 14"" Gel Memory Foam Mattress, Twin XL",1.5,0,0.0,0,0
2023-07-14,2023-07-14_B09X1GMWY6,B09X1GMWY6,"NapQueen Elizabeth 14"" Gel Memory Foam Mattress, Twin XL",0.0,0,0.0,0,0
2023-07-15,2023-07-15_B09X1GMWY6,B09X1GMWY6,"NapQueen Elizabeth 14"" Gel Memory Foam Mattress, Twin XL",0.0,0,0.0,0,0
2023-07-16,2023-07-16_B09X1GMWY6,B09X1GMWY6,"NapQueen Elizabeth 14"" Gel Memory Foam Mattress, Twin XL",0.0,0,0.0,0,0
2023-07-17,2023-07-17_B09X1GMWY6,B09X1GMWY6,"NapQueen Elizabeth 14"" Gel Memory Foam Mattress, Twin XL",0.0,0,0.0,0,0
2023-07-18,2023-07-18_B09X1GMWY6,B09X1GMWY6,"NapQueen Elizabeth 14"" Gel Memory Foam Mattress, Twin XL",0.6,0,0.0,0,0
2023-07-19,2023-07-19_B09X1GMWY6,B09X1GMWY6,"NapQueen Elizabeth 14"" Gel Memory Foam Mattress, Twin XL",0.0,0,0.0,0,0
2023-07-20,2023-07-20_B09X1GMWY6,B09X1GMWY6,"NapQueen Elizabeth 14"" Gel Memory Foam Mattress, Twin XL",0.0,0,0.0,0,0
2023-07-21,2023-07-21_B09X1GMWY6,B09X1GMWY6,"NapQueen Elizabeth 14"" Gel Memory Foam Mattress, Twin XL",0.0,0,0.0,0,0
2023-07-22,2023-07-22_B09X1GMWY6,B09X1GMWY6,"NapQueen Elizabeth 14"" Gel Memory Foam Mattress, Twin XL",0.0,0,0.0,0,0
2023-07-23,2023-07-23_B09X1GMWY6,B09X1GMWY6,"NapQueen Elizabeth 14"" Gel Memory Foam Mattress, Twin XL",0.0,0,0.0,0,0
2023-07-24,2023-07-24_B09X1GMWY6,B09X1GMWY6,"NapQueen Elizabeth 14"" Gel Memory Foam Mattress, Twin XL",0.75,0,0.0,0,0
2023-07-25,2023-07-25_B09X1GMWY6,B09X1GMWY6,"NapQueen Elizabeth 14"" Gel Memory Foam Mattress, Twin XL",0.0,0,0.0,0,0
2023-07-26,2023-07-26_B09X1GMWY6,B09X1GMWY6,"NapQueen Elizabeth 14"" Gel Memory Foam Mattress, Twin XL",0.0,0,0.0,0,0
2023-07-27,2023-07-27_B09X1GMWY6,B09X1GMWY6,"NapQueen Elizabeth 14"" Gel Memory Foam Mattress, Twin XL",0.0,0,0.0,0,0
2023-07-28,2023-07-28_B09X1GMWY6,B09X1GMWY6,"NapQueen Elizabeth 14"" Gel Memory Foam Mattress, Twin XL",0.0,0,0.0,0,0
2023-07-29,2023-07-29_B09X1GMWY6,B09X1GMWY6,"NapQueen Elizabeth 14"" Gel Memory Foam Mattress, Twin XL",0.0,0,0.0,0,0
2023-07-30,2023-07-30_B09X1GMWY6,B09X1GMWY6,"NapQueen Elizabeth 14"" Gel Memory Foam Mattress, Twin XL",0.0,0,0.0,0,0
2023-07-31,2023-07-31_B09X1GMWY6,B09X1GMWY6,"NapQueen Elizabeth 14"" Gel Memory Foam Mattress, Twin XL",0.0,0,0.0,0,0
2023-08-01,2023-08-01_B09X1GMWY6,B09X1GMWY6,"NapQueen Elizabeth 14"" Gel Memory Foam Mattress, Twin XL",0.89,0,0.0,0,0
2023-08-02,2023-08-02_B09X1GMWY6,B09X1GMWY6,"NapQueen Elizabeth 14"" Gel Memory Foam Mattress, Twin XL",0.0,0,0.0,0,0
2023-08-03,2023-08-03_B09X1GMWY6,B09X1GMWY6,"NapQueen Elizabeth 14"" Gel Memory Foam Mattress, Twin XL",0.0,0,0.0,0,0
2023-08-04,2023-08-04_B09X1GMWY6,B09X1GMWY6,"NapQueen Elizabeth 14"" Gel Memory Foam Mattress, Twin XL",0.0,0,0.0,0,0
2023-08-05,2023-08-05_B09X1GMWY6,B09X1GMWY6,"NapQueen Elizabeth 14"" Gel Memory Foam Mattress, Twin XL",0.0,0,0.0,0,0
2023-08-06,2023-08-06_B09X1GMWY6,B09X1GMWY6,"NapQueen Elizabeth 14"" Gel Memory Foam Mattress, Twin XL",0.0,0,0.0,0,0
2023-08-07,2023-08-07_B09X1GMWY6,B09X1GMWY6,"NapQueen Elizabeth 14"" Gel Memory Foam Mattress, Twin XL",0.0,0,0.0,0,0
2023-08-08,2023-08-08_B09X1GMWY6,B09X1GMWY6,"NapQueen Elizabeth 14"" Gel Memory Foam Mattress, Twin XL",0.0,0,0.0,0,0
2023-08-09,2023-08-09_B09X1GMWY6,B09X1GMWY6,"NapQueen Elizabeth 14"" Gel Memory Foam Mattress, Twin XL",0.0,0,0.0,0,0
2023-08-10,2023-08-10_B09X1GMWY6,B09X1GMWY6,"NapQueen Elizabeth 14"" Gel Memory Foam Mattress, Twin XL",0.0,0,0.0,0,0
2023-08-11,2023-08-11_B09X1GMWY6,B09X1GMWY6,"NapQueen Elizabeth 14"" Gel Memory Foam Mattress, Twin XL",0.0,0,0.0,0,0
2023-08-12,2023-08-12_B09X1GMWY6,B09X1GMWY6,"NapQueen Elizabeth 14"" Gel Memory Foam Mattress, Twin XL",0.0,0,0.0,0,0
2023-08-13,2023-08-13_B09X1GMWY6,B09X1GMWY6,"NapQueen Elizabeth 14"" Gel Memory Foam Mattress, Twin XL",0.0,0,0.0,0,0
2023-08-14,2023-08-14_B09X1GMWY6,B09X1GMWY6,"NapQueen Elizabeth 14"" Gel Memory Foam Mattress, Twin XL",0.0,0,0.0,0,0
2023-08-15,2023-08-15_B09X1GMWY6,B09X1GMWY6,"NapQueen Elizabeth 14"" Gel Memory Foam Mattress, Twin XL",0.0,0,0.0,0,0
2023-08-16,2023-08-16_B09X1GMWY6,B09X1GMWY6,"NapQueen Elizabeth 14"" Gel Memory Foam Mattress, Twin XL",0.79,0,0.0,0,0
2023-08-17,2023-08-17_B09X1GMWY6,B09X1GMWY6,"NapQueen Elizabeth 14"" Gel Memory Foam Mattress, Twin XL",0.0,0,0.0,0,0
2023-08-18,2023-08-18_B09X1GMWY6,B09X1GMWY6,"NapQueen Elizabeth 14"" Gel Memory Foam Mattress, Twin XL",0.0,0,0.0,0,0
2023-08-19,2023-08-19_B09X1GMWY6,B09X1GMWY6,"NapQueen Elizabeth 14"" Gel Memory Foam Mattress, Twin XL",0.0,0,0.0,0,0
2023-08-20,2023-08-20_B09X1GMWY6,B09X1GMWY6,"NapQueen Elizabeth 14"" Gel Memory Foam Mattress, Twin XL",0.74,0,0.0,0,0
2023-08-21,2023-08-21_B09X1GMWY6,B09X1GMWY6,"NapQueen Elizabeth 14"" Gel Memory Foam Mattress, Twin XL",0.0,0,0.0,0,0
2023-08-22,2023-08-22_B09X1GMWY6,B09X1GMWY6,"NapQueen Elizabeth 14"" Gel Memory Foam Mattress, Twin XL",0.0,0,0.0,0,0
2023-08-23,2023-08-23_B09X1GMWY6,B09X1GMWY6,"NapQueen Elizabeth 14"" Gel Memory Foam Mattress, Twin XL",0.0,0,0.0,0,0
2023-08-24,2023-08-24_B09X1GMWY6,B09X1GMWY6,"NapQueen Elizabeth 14"" Gel Memory Foam Mattress, Twin XL",2.42,0,0.0,0,0
2023-08-25,2023-08-25_B09X1GMWY6,B09X1GMWY6,"NapQueen Elizabeth 14"" Gel Memory Foam Mattress, Twin XL",0.0,0,0.0,0,0
2023-08-26,2023-08-26_B09X1GMWY6,B09X1GMWY6,"NapQueen Elizabeth 14"" Gel Memory Foam Mattress, Twin XL",0.0,0,0.0,0,0
2023-08-27,2023-08-27_B09X1GMWY6,B09X1GMWY6,"NapQueen Elizabeth 14"" Gel Memory Foam Mattress, Twin XL",3.73,0,0.0,0,0
2023-08-28,2023-08-28_B09X1GMWY6,B09X1GMWY6,"NapQueen Elizabeth 14"" Gel Memory Foam Mattress, Twin XL",0.0,0,0.0,0,0
2023-08-29,2023-08-29_B09X1GMWY6,B09X1GMWY6,"NapQueen Elizabeth 14"" Gel Memory Foam Mattress, Twin XL",0.0,0,0.0,0,0
2023-08-30,2023-08-30_B09X1GMWY6,B09X1GMWY6,"NapQueen Elizabeth 14"" Gel Memory Foam Mattress, Twin XL",3.0,0,0.0,0,0
2023-08-31,2023-08-31_B09X1GMWY6,B09X1GMWY6,"NapQueen Elizabeth 14"" Gel Memory Foam Mattress, Twin XL",1.29,0,0.0,0,0
2023-09-01,2023-09-01_B09X1GMWY6,B09X1GMWY6,"NapQueen Elizabeth 14"" Gel Memory Foam Mattress, Twin XL",3.69,0,0.0,0,0
2023-09-02,2023-09-02_B09X1GMWY6,B09X1GMWY6,"NapQueen Elizabeth 14"" Gel Memory Foam Mattress, Twin XL",1.26,0,0.0,0,0
2023-09-03,2023-09-03_B09X1GMWY6,B09X1GMWY6,"NapQueen Elizabeth 14"" Gel Memory Foam Mattress, Twin XL",0.52,0,0.0,0,0
2023-09-04,2023-09-04_B09X1GMWY6,B09X1GMWY6,"NapQueen Elizabeth 14"" Gel Memory Foam Mattress, Twin XL",0.0,6,268.585,0,0
2023-09-05,2023-09-05_B09X1GMWY6,B09X1GMWY6,"NapQueen Elizabeth 14"" Gel Memory Foam Mattress, Twin XL",3.58,2,268.585,0,0
2023-09-06,2023-09-06_B09X1GMWY6,B09X1GMWY6,"NapQueen Elizabeth 14"" Gel Memory Foam Mattress, Twin XL",1.8,4,268.585,0,0
2023-09-07,2023-09-07_B09X1GMWY6,B09X1GMWY6,"NapQueen Elizabeth 14"" Gel Memory Foam Mattress, Twin XL",1.97,1,268.585,0,0
2023-09-08,2023-09-08_B09X1GMWY6,B09X1GMWY6,"NapQueen Elizabeth 14"" Gel Memory Foam Mattress, Twin XL",2.08,3,268.585,0,0
2023-09-09,2023-09-09_B09X1GMWY6,B09X1GMWY6,"NapQueen Elizabeth 14"" Gel Memory Foam Mattress, Twin XL",1.08,0,0.0,0,0
2023-09-10,2023-09-10_B09X1GMWY6,B09X1GMWY6,"NapQueen Elizabeth 14"" Gel Memory Foam Mattress, Twin XL",0.0,10,268.585,0,0
2023-09-11,2023-09-11_B09X1GMWY6,B09X1GMWY6,"NapQueen Elizabeth 14"" Gel Memory Foam Mattress, Twin XL",0.6,8,268.585,0,0
2024-02-07,2024-02-07_B09X1GMWY6,B09X1GMWY6,"NapQueen Elizabeth 14"" Gel Memory Foam Mattress, Twin XL",0.62,2,268.585,0,0
2024-02-08,2024-02-08_B09X1GMWY6,B09X1GMWY6,"NapQueen Elizabeth 14"" Gel Memory Foam Mattress, Twin XL",0.27,1,268.585,0,0
2024-02-09,2024-02-09_B09X1GMWY6,B09X1GMWY6,"NapQueen Elizabeth 14"" Gel Memory Foam Mattress, Twin XL",0.03,0,0.0,0,0
2024-02-10,2024-02-10_B09X1GMWY6,B09X1GMWY6,"NapQueen Elizabeth 14"" Gel Memory Foam Mattress, Twin XL",0.0,3,268.585,0,0
2024-02-11,2024-02-11_B09X1GMWY6,B09X1GMWY6,"NapQueen Elizabeth 14"" Gel Memory Foam Mattress, Twin XL",0.0,2,268.585,0,0
2024-02-12,2024-02-12_B09X1GMWY6,B09X1GMWY6,"NapQueen Elizabeth 14"" Gel Memory Foam Mattress, Twin XL",0.0,9,268.585,0,0
2024-02-13,2024-02-13_B09X1GMWY6,B09X1GMWY6,"NapQueen Elizabeth 14"" Gel Memory Foam Mattress, Twin XL",0.0,1,268.585,0,0
2024-02-14,2024-02-14_B09X1GMWY6,B09X1GMWY6,"NapQueen Elizabeth 14"" Gel Memory Foam Mattress, Twin XL",0.0,4,268.585,0,0
2024-02-15,2024-02-15_B09X1GMWY6,B09X1GMWY6,"NapQueen Elizabeth 14"" Gel Memory Foam Mattress, Twin XL",0.0,2,268.585,0,0
2024-02-16,2024-02-16_B09X1GMWY6,B09X1GMWY6,"NapQueen Elizabeth 14"" Gel Memory Foam Mattress, Twin XL",0.0,8,268.585,0,0
2024-02-17,2024-02-17_B09X1GMWY6,B09X1GMWY6,"NapQueen Elizabeth 14"" Gel Memory Foam Mattress, Twin XL",2.67,6,268.585,0,0
2024-02-18,2024-02-18_B09X1GMWY6,B09X1GMWY6,"NapQueen Elizabeth 14"" Gel Memory Foam Mattress, Twin XL",0.0,5,268.585,0,0
2024-02-19,2024-02-19_B09X1GMWY6,B09X1GMWY6,"NapQueen Elizabeth 14"" Gel Memory Foam Mattress, Twin XL",1.27,1,268.585,0,0
2024-02-20,2024-02-20_B09X1GMWY6,B09X1GMWY6,"NapQueen Elizabeth 14"" Gel Memory Foam Mattress, Twin XL",0.0,2,268.585,0,0
2024-02-21,2024-02-21_B09X1GMWY6,B09X1GMWY6,"NapQueen Elizabeth 14"" Gel Memory Foam Mattress, Twin XL",0.08,2,268.585,0,0
2024-02-22,2024-02-22_B09X1GMWY6,B09X1GMWY6,"NapQueen Elizabeth 14"" Gel Memory Foam Mattress, Twin XL",0.38,6,268.585,0,0
2024-02-23,2024-02-23_B09X1GMWY6,B09X1GMWY6,"NapQueen Elizabeth 14"" Gel Memory Foam Mattress, Twin XL",0.0,6,268.585,0,0
2024-02-24,2024-02-24_B09X1GMWY6,B09X1GMWY6,"NapQueen Elizabeth 14"" Gel Memory Foam Mattress, Twin XL",0.03,2,268.585,0,0
2024-02-25,2024-02-25_B09X1GMWY6,B09X1GMWY6,"NapQueen Elizabeth 14"" Gel Memory Foam Mattress, Twin XL",0.0,2,268.585,0,0
2024-02-26,2024-02-26_B09X1GMWY6,B09X1GMWY6,"NapQueen Elizabeth 14"" Gel Memory Foam Mattress, Twin XL",0.98,2,268.585,0,0
2024-02-27,2024-02-27_B09X1GMWY6,B09X1GMWY6,"NapQueen Elizabeth 14"" Gel Memory Foam Mattress, Twin XL",0.4,1,268.585,0,0
2024-02-28,2024-02-28_B09X1GMWY6,B09X1GMWY6,"NapQueen Elizabeth 14"" Gel Memory Foam Mattress, Twin XL",0.0,0,0.0,0,0
2024-02-29,2024-02-29_B09X1GMWY6,B09X1GMWY6,"NapQueen Elizabeth 14"" Gel Memory Foam Mattress, Twin XL",0.0,4,268.585,0,0
2024-03-01,2024-03-01_B09X1GMWY6,B09X1GMWY6,"NapQueen Elizabeth 14"" Gel Memory Foam Mattress, Twin XL",0.38,0,0.0,0,0
2024-03-02,2024-03-02_B09X1GMWY6,B09X1GMWY6,"NapQueen Elizabeth 14"" Gel Memory Foam Mattress, Twin XL",0.0,2,268.585,0,0
2024-03-03,2024-03-03_B09X1GMWY6,B09X1GMWY6,"NapQueen Elizabeth 14"" Gel Memory Foam Mattress, Twin XL",0.38,1,268.585,0,0
2024-03-04,2024-03-04_B09X1GMWY6,B09X1GMWY6,"NapQueen Elizabeth 14"" Gel Memory Foam Mattress, Twin XL",0.0,0,0.0,0,0
2024-03-05,2024-03-05_B09X1GMWY6,B09X1GMWY6,"NapQueen Elizabeth 14"" Gel Memory Foam Mattress, Twin XL",0.0,2,268.585,0,0
2024-03-06,2024-03-06_B09X1GMWY6,B09X1GMWY6,"NapQueen Elizabeth 14"" Gel Memory Foam Mattress, Twin XL",0.0,1,268.585,0,0
2024-03-07,2024-03-07_B09X1GMWY6,B09X1GMWY6,"NapQueen Elizabeth 14"" Gel Memory Foam Mattress, Twin XL",0.0,2,268.585,0,0
2024-03-08,2024-03-08_B09X1GMWY6,B09X1GMWY6,"NapQueen Elizabeth 14"" Gel Memory Foam Mattress, Twin XL",0.0,0,0.0,0,0
2024-03-09,2024-03-09_B09X1GMWY6,B09X1GMWY6,"NapQueen Elizabeth 14"" Gel Memory Foam Mattress, Twin XL",0.0,2,268.585,0,0
2024-03-10,2024-03-10_B09X1GMWY6,B09X1GMWY6,"NapQueen Elizabeth 14"" Gel Memory Foam Mattress, Twin XL",0.0,2,268.585,0,0
2024-03-11,2024-03-11_B09X1GMWY6,B09X1GMWY6,"NapQueen Elizabeth 14"" Gel Memory Foam Mattress, Twin XL",0.0,1,268.585,0,0
2024-03-12,2024-03-12_B09X1GMWY6,B09X1GMWY6,"NapQueen Elizabeth 14"" Gel Memory Foam Mattress, Twin XL",0.0,2,268.585,0,0
2024-03-13,2024-03-13_B09X1GMWY6,B09X1GMWY6,"NapQueen Elizabeth 14"" Gel Memory Foam Mattress, Twin XL",0.0,5,268.585,0,0
2024-03-14,2024-03-14_B09X1GMWY6,B09X1GMWY6,"NapQueen Elizabeth 14"" Gel Memory Foam Mattress, Twin XL",0.0,5,268.585,0,0
2024-03-15,2024-03-15_B09X1GMWY6,B09X1GMWY6,"NapQueen Elizabeth 14"" Gel Memory Foam Mattress, Twin XL",0.0,2,268.585,0,0
2024-03-16,2024-03-16_B09X1GMWY6,B09X1GMWY6,"NapQueen Elizabeth 14"" Gel Memory Foam Mattress, Twin XL",0.0,4,268.585,0,0
2024-03-17,2024-03-17_B09X1GMWY6,B09X1GMWY6,"NapQueen Elizabeth 14"" Gel Memory Foam Mattress, Twin XL",0.0,2,268.585,0,0
2024-03-18,2024-03-18_B09X1GMWY6,B09X1GMWY6,"NapQueen Elizabeth 14"" Gel Memory Foam Mattress, Twin XL",0.0,5,268.585,0,0
2024-03-19,2024-03-19_B09X1GMWY6,B09X1GMWY6,"NapQueen Elizabeth 14"" Gel Memory Foam Mattress, Twin XL",0.93,2,268.585,0,0
2024-03-20,2024-03-20_B09X1GMWY6,B09X1GMWY6,"NapQueen Elizabeth 14"" Gel Memory Foam Mattress, Twin XL",0.0,3,268.585,0,0
2024-03-21,2024-03-21_B09X1GMWY6,B09X1GMWY6,"NapQueen Elizabeth 14"" Gel Memory Foam Mattress, Twin XL",0.0,44,268.585,0,0
2024-03-22,2024-03-22_B09X1GMWY6,B09X1GMWY6,"NapQueen Elizabeth 14"" Gel Memory Foam Mattress, Twin XL",0.35,2,268.585,0,0
2024-03-23,2024-03-23_B09X1GMWY6,B09X1GMWY6,"NapQueen Elizabeth 14"" Gel Memory Foam Mattress, Twin XL",0.42,3,268.585,0,0
2024-03-24,2024-03-24_B09X1GMWY6,B09X1GMWY6,"NapQueen Elizabeth 14"" Gel Memory Foam Mattress, Twin XL",0.0,6,268.585,0,0
2024-03-25,2024-03-25_B09X1GMWY6,B09X1GMWY6,"NapQueen Elizabeth 14"" Gel Memory Foam Mattress, Twin XL",0.0,1,268.585,0,0
2024-03-26,2024-03-26_B09X1GMWY6,B09X1GMWY6,"NapQueen Elizabeth 14"" Gel Memory Foam Mattress, Twin XL",1.42,1,268.585,0,0
2024-03-27,2024-03-27_B09X1GMWY6,B09X1GMWY6,"NapQueen Elizabeth 14"" Gel Memory Foam Mattress, Twin XL",1.13,1,268.585,0,0
2024-03-28,2024-03-28_B09X1GMWY6,B09X1GMWY6,"NapQueen Elizabeth 14"" Gel Memory Foam Mattress, Twin XL",0.0,1,268.585,0,0
2024-03-29,2024-03-29_B09X1GMWY6,B09X1GMWY6,"NapQueen Elizabeth 14"" Gel Memory Foam Mattress, Twin XL",0.0,0,0.0,0,0
2024-03-30,2024-03-30_B09X1GMWY6,B09X1GMWY6,"NapQueen Elizabeth 14"" Gel Memory Foam Mattress, Twin XL",0.0,1,268.585,0,0
2024-03-31,2024-03-31_B09X1GMWY6,B09X1GMWY6,"NapQueen Elizabeth 14"" Gel Memory Foam Mattress, Twin XL",0.0,3,268.585,0,0
2024-04-01,2024-04-01_B09X1GMWY6,B09X1GMWY6,"NapQueen Elizabeth 14"" Gel Memory Foam Mattress, Twin XL",0.0,1,268.585,0,0
